{
  "type": "minecraft:jigsaw",
  "biomes": [
    "minecraft:taiga",
    "minecraft:old_growth_spruce_taiga",
    "minecraft:old_growth_pine_taiga"
  ],
  "step": "surface_structures",
  "spawn_overrides": {},
  "terrain_adaptation": "beard_thin",
  "start_pool": "explore:spruce_pile",
  "size": 2,
  "start_height": {
    "absolute": 0
  },
  "project_start_to_heightmap": "WORLD_SURFACE_WG",
  "max_distance_from_center": 80,
  "use_expansion_hack": false,
  "liquid_settings": "apply_waterlogging"
}
